id;nombre;direccion;telefono;correo_electronico;url_img;user_id
1;Omani;Cataluña Marca Electrónica;Diseñador;navigate;convergence Productor Madera;15889
2;Singapore Pequeño;Corea Usabilidad Heredado;mesh invoice;invoice turn-key Bedfordshire;Account amplio;49159
3;Queso Suriname;driver payment Toallas;Noruega Kuwait Money;index Web Avon;Berkshire Tácticas;89072
4;Salchichas Metal driver;Algodón;Buckinghamshire cross-platform withdrawal;bluetooth synthesizing;Futuro Bután;16793
5;scale Blanco;Masía China;Colonia capacidad;driver;haptic;23392
6;Loan Cambridgeshire;Eslovenia Rampa;Cantabria Silla Loan;Horizontal;Somalia exploit;81682
7;Castilla-La;Práctico Senegal withdrawal;Pollo Franc de;bypassing partnerships Metal;Nacional Soluciones Bebes;85598
8;Galicia metódica;calculate;Blanco indexing XSS;Aplicaciones Práctico Usabilidad;Visionario Account intermedia;78260
9;haptic;Moda;Ladrillo firewall alto;Moda Avon;coherente generate Infraestructura;64398
10;relationships Marroquinería IB;state;Ordenador intranet monitor;Juguetería a;Bicicleta;60281
