id;nombre;apellido;url_img;user_id;telefono;urlmg
1;Pequeño Monitorizado Analista;direccional Granito;Futuro;37640;Berkshire transmit;synergistic
2;backing;users Croacia;Sorprendente;42632;sinergia Cantabria Consultor;global channels
3;Acero;Inteligente Account Salud;withdrawal Ferrocarril;93152;Herzegovina;Guantes Persistente
4;e-tailers Metal Savings;Salud;optical;33003;Micronesia Seguro;redundant deposit AI
5;Bielorusia Gris Marroquinería;Card;Artesanal;84587;Metal Sección cero;interface Perseverando
6;whiteboard;Buckinghamshire array Bermuda;Región;41197;RSS;Loan AGP
7;La Agente;trabajo innovative New;Islandia;38557;functionalities Bacon Puerta;cross-platform Salchichas SMS
8;synthesize Salvador;HDD Sorprendente Bebes;compelling Metal partnerships;12560;Zapatos interfaces Región;Borders mobile
9;port;1080p Fantástico Account;data-warehouse en;61247;digital virtual;Account Distrito
10;Cine Honduras;index Market;contenido HDD Guadalupe;95300;bricks-and-clicks Joyería;Bangladesh el
